{
  "project_info": {
    "project_number": "276875830891",
    "project_id": "fooddeliveryapplication-6e308",
    "storage_bucket": "fooddeliveryapplication-6e308.appspot.com"
  },
  "client": [
    {
      "client_info": {
        "mobilesdk_app_id": "1:276875830891:android:735043e66f5907e7b6732e",
        "android_client_info": {
          "package_name": "com.example.fooddeliveryapplication"
        }
      },
      "oauth_client": [
        {
          "client_id": "276875830891-ludub1goaevepolam06riifnlfkh28gl.apps.googleusercontent.com",
          "client_type": 3
        }
      ],
      "api_key": [
        {
          "current_key": "AIzaSyAs6TokW4mNWmHa6RzBEAhzCT_GqTiIeSo"
        }
      ],
      "services": {
        "appinvite_service": {
          "other_platform_oauth_client": [
            {
              "client_id": "276875830891-ludub1goaevepolam06riifnlfkh28gl.apps.googleusercontent.com",
              "client_type": 3
            }
          ]
        }
      }
    }
  ],
  "configuration_version": "1"
}